{
"lengthUnit": "mil",
"components": {
	"fields": ["COMPONENT_NO", "COMPONENT_NAME", "LAYER", "X_COORDINATE", "Y_COORDINATE", "ANGLE"],
	"rows": [
		[1, "R1", "T", -860, 1020, 45]
	]
},
"pins": {
	"fields": ["PIN_NO", "PIN_NAME", "PIN_X", "PIN_Y", "LAYER", "PIN_TYPE", "NET_NAME", "NET_TYPE", "PAD_SHAPE", "PAD_SIZEX", "PAD_SIZEY", "HOLE_SIZE", "PAD_ANGLE"],
	"rows": [
		[1, "R1_1", -945.36, 934.64, "T", "SMD", "GND", "GND", "R", 5, 5, 0, 45],
		[2, "R1_2", -930.71, 949.29, "T", "SMD", "VCC", "", "R", 5, 5, 0, 45]
	]
}
}